x,y,z,N,dnn,a,aPBCx,aPBCy,aPBCz,α,β,γ
0,0,0,528,2.952170811,4.174999999,32.47387893,30.67985903,723.131212,-4.94,17.15,19.4
1.476085406,2.556654919,0,,,,,,,,,
1.476085406,-0.852218306,-2.410437374,,,,,,,,,
0,1.704436613,-2.410437374,,,,,,,,,
1.476085406,0.852218306,-4.820874748,,,,,,,,,
0,3.408873225,-4.820874748,,,,,,,,,
2.952170811,0,0,,,,,,,,,
4.428256217,2.556654919,0,,,,,,,,,
4.428256217,-0.852218306,-2.410437374,,,,,,,,,
2.952170811,1.704436613,-2.410437374,,,,,,,,,
4.428256217,0.852218306,-4.820874748,,,,,,,,,
2.952170811,3.408873225,-4.820874748,,,,,,,,,
5.904341623,0,0,,,,,,,,,
7.380427029,2.556654919,0,,,,,,,,,
7.380427029,-0.852218306,-2.410437374,,,,,,,,,
5.904341623,1.704436613,-2.410437374,,,,,,,,,
7.380427029,0.852218306,-4.820874748,,,,,,,,,
5.904341623,3.408873225,-4.820874748,,,,,,,,,
8.856512434,0,0,,,,,,,,,
10.33259784,2.556654919,0,,,,,,,,,
10.33259784,-0.852218306,-2.410437374,,,,,,,,,
8.856512434,1.704436613,-2.410437374,,,,,,,,,
10.33259784,0.852218306,-4.820874748,,,,,,,,,
8.856512434,3.408873225,-4.820874748,,,,,,,,,
11.80868325,0,0,,,,,,,,,
13.28476865,2.556654919,0,,,,,,,,,
13.28476865,-0.852218306,-2.410437374,,,,,,,,,
11.80868325,1.704436613,-2.410437374,,,,,,,,,
13.28476865,0.852218306,-4.820874748,,,,,,,,,
11.80868325,3.408873225,-4.820874748,,,,,,,,,
14.76085406,0,0,,,,,,,,,
16.23693946,2.556654919,0,,,,,,,,,
16.23693946,-0.852218306,-2.410437374,,,,,,,,,
14.76085406,1.704436613,-2.410437374,,,,,,,,,
16.23693946,0.852218306,-4.820874748,,,,,,,,,
14.76085406,3.408873225,-4.820874748,,,,,,,,,
17.71302487,0,0,,,,,,,,,
19.18911027,2.556654919,0,,,,,,,,,
19.18911027,-0.852218306,-2.410437374,,,,,,,,,
17.71302487,1.704436613,-2.410437374,,,,,,,,,
19.18911027,0.852218306,-4.820874748,,,,,,,,,
17.71302487,3.408873225,-4.820874748,,,,,,,,,
20.66519568,0,0,,,,,,,,,
22.14128109,2.556654919,0,,,,,,,,,
22.14128109,-0.852218306,-2.410437374,,,,,,,,,
20.66519568,1.704436613,-2.410437374,,,,,,,,,
22.14128109,0.852218306,-4.820874748,,,,,,,,,
20.66519568,3.408873225,-4.820874748,,,,,,,,,
23.61736649,0,0,,,,,,,,,
25.0934519,2.556654919,0,,,,,,,,,
25.0934519,-0.852218306,-2.410437374,,,,,,,,,
23.61736649,1.704436613,-2.410437374,,,,,,,,,
25.0934519,0.852218306,-4.820874748,,,,,,,,,
23.61736649,3.408873225,-4.820874748,,,,,,,,,
26.5695373,0,0,,,,,,,,,
28.04562271,2.556654919,0,,,,,,,,,
28.04562271,-0.852218306,-2.410437374,,,,,,,,,
26.5695373,1.704436613,-2.410437374,,,,,,,,,
28.04562271,0.852218306,-4.820874748,,,,,,,,,
26.5695373,3.408873225,-4.820874748,,,,,,,,,
29.52170811,0,0,,,,,,,,,
30.99779352,2.556654919,0,,,,,,,,,
30.99779352,-0.852218306,-2.410437374,,,,,,,,,
29.52170811,1.704436613,-2.410437374,,,,,,,,,
30.99779352,0.852218306,-4.820874748,,,,,,,,,
29.52170811,3.408873225,-4.820874748,,,,,,,,,
0,5.113309838,0,,,,,,,,,
1.476085406,7.669964757,0,,,,,,,,,
1.476085406,4.261091532,-2.410437374,,,,,,,,,
0,6.817746451,-2.410437374,,,,,,,,,
1.476085406,5.965528144,-4.820874748,,,,,,,,,
0,8.522183063,-4.820874748,,,,,,,,,
2.952170811,5.113309838,0,,,,,,,,,
4.428256217,7.669964757,0,,,,,,,,,
4.428256217,4.261091532,-2.410437374,,,,,,,,,
2.952170811,6.817746451,-2.410437374,,,,,,,,,
4.428256217,5.965528144,-4.820874748,,,,,,,,,
2.952170811,8.522183063,-4.820874748,,,,,,,,,
5.904341623,5.113309838,0,,,,,,,,,
7.380427029,7.669964757,0,,,,,,,,,
7.380427029,4.261091532,-2.410437374,,,,,,,,,
5.904341623,6.817746451,-2.410437374,,,,,,,,,
7.380427029,5.965528144,-4.820874748,,,,,,,,,
5.904341623,8.522183063,-4.820874748,,,,,,,,,
8.856512434,5.113309838,0,,,,,,,,,
10.33259784,7.669964757,0,,,,,,,,,
10.33259784,4.261091532,-2.410437374,,,,,,,,,
8.856512434,6.817746451,-2.410437374,,,,,,,,,
10.33259784,5.965528144,-4.820874748,,,,,,,,,
8.856512434,8.522183063,-4.820874748,,,,,,,,,
11.80868325,5.113309838,0,,,,,,,,,
13.28476865,7.669964757,0,,,,,,,,,
13.28476865,4.261091532,-2.410437374,,,,,,,,,
11.80868325,6.817746451,-2.410437374,,,,,,,,,
13.28476865,5.965528144,-4.820874748,,,,,,,,,
11.80868325,8.522183063,-4.820874748,,,,,,,,,
14.76085406,5.113309838,0,,,,,,,,,
16.23693946,7.669964757,0,,,,,,,,,
16.23693946,4.261091532,-2.410437374,,,,,,,,,
14.76085406,6.817746451,-2.410437374,,,,,,,,,
16.23693946,5.965528144,-4.820874748,,,,,,,,,
14.76085406,8.522183063,-4.820874748,,,,,,,,,
17.71302487,5.113309838,0,,,,,,,,,
19.18911027,7.669964757,0,,,,,,,,,
19.18911027,4.261091532,-2.410437374,,,,,,,,,
17.71302487,6.817746451,-2.410437374,,,,,,,,,
19.18911027,5.965528144,-4.820874748,,,,,,,,,
17.71302487,8.522183063,-4.820874748,,,,,,,,,
20.66519568,5.113309838,0,,,,,,,,,
22.14128109,7.669964757,0,,,,,,,,,
22.14128109,4.261091532,-2.410437374,,,,,,,,,
20.66519568,6.817746451,-2.410437374,,,,,,,,,
22.14128109,5.965528144,-4.820874748,,,,,,,,,
20.66519568,8.522183063,-4.820874748,,,,,,,,,
23.61736649,5.113309838,0,,,,,,,,,
25.0934519,7.669964757,0,,,,,,,,,
25.0934519,4.261091532,-2.410437374,,,,,,,,,
23.61736649,6.817746451,-2.410437374,,,,,,,,,
25.0934519,5.965528144,-4.820874748,,,,,,,,,
23.61736649,8.522183063,-4.820874748,,,,,,,,,
26.5695373,5.113309838,0,,,,,,,,,
28.04562271,7.669964757,0,,,,,,,,,
28.04562271,4.261091532,-2.410437374,,,,,,,,,
26.5695373,6.817746451,-2.410437374,,,,,,,,,
28.04562271,5.965528144,-4.820874748,,,,,,,,,
26.5695373,8.522183063,-4.820874748,,,,,,,,,
29.52170811,5.113309838,0,,,,,,,,,
30.99779352,7.669964757,0,,,,,,,,,
30.99779352,4.261091532,-2.410437374,,,,,,,,,
29.52170811,6.817746451,-2.410437374,,,,,,,,,
30.99779352,5.965528144,-4.820874748,,,,,,,,,
29.52170811,8.522183063,-4.820874748,,,,,,,,,
0,10.22661968,0,,,,,,,,,
1.476085406,12.7832746,0,,,,,,,,,
1.476085406,9.37440137,-2.410437374,,,,,,,,,
0,11.93105629,-2.410437374,,,,,,,,,
1.476085406,11.07883798,-4.820874748,,,,,,,,,
0,13.6354929,-4.820874748,,,,,,,,,
2.952170811,10.22661968,0,,,,,,,,,
4.428256217,12.7832746,0,,,,,,,,,
4.428256217,9.37440137,-2.410437374,,,,,,,,,
2.952170811,11.93105629,-2.410437374,,,,,,,,,
4.428256217,11.07883798,-4.820874748,,,,,,,,,
2.952170811,13.6354929,-4.820874748,,,,,,,,,
5.904341623,10.22661968,0,,,,,,,,,
7.380427029,12.7832746,0,,,,,,,,,
7.380427029,9.37440137,-2.410437374,,,,,,,,,
5.904341623,11.93105629,-2.410437374,,,,,,,,,
7.380427029,11.07883798,-4.820874748,,,,,,,,,
5.904341623,13.6354929,-4.820874748,,,,,,,,,
8.856512434,10.22661968,0,,,,,,,,,
10.33259784,12.7832746,0,,,,,,,,,
10.33259784,9.37440137,-2.410437374,,,,,,,,,
8.856512434,11.93105629,-2.410437374,,,,,,,,,
10.33259784,11.07883798,-4.820874748,,,,,,,,,
8.856512434,13.6354929,-4.820874748,,,,,,,,,
11.80868325,10.22661968,0,,,,,,,,,
13.28476865,12.7832746,0,,,,,,,,,
13.28476865,9.37440137,-2.410437374,,,,,,,,,
11.80868325,11.93105629,-2.410437374,,,,,,,,,
13.28476865,11.07883798,-4.820874748,,,,,,,,,
11.80868325,13.6354929,-4.820874748,,,,,,,,,
14.76085406,10.22661968,0,,,,,,,,,
16.23693946,12.7832746,0,,,,,,,,,
16.23693946,9.37440137,-2.410437374,,,,,,,,,
14.76085406,11.93105629,-2.410437374,,,,,,,,,
16.23693946,11.07883798,-4.820874748,,,,,,,,,
14.76085406,13.6354929,-4.820874748,,,,,,,,,
17.71302487,10.22661968,0,,,,,,,,,
19.18911027,12.7832746,0,,,,,,,,,
19.18911027,9.37440137,-2.410437374,,,,,,,,,
17.71302487,11.93105629,-2.410437374,,,,,,,,,
19.18911027,11.07883798,-4.820874748,,,,,,,,,
17.71302487,13.6354929,-4.820874748,,,,,,,,,
20.66519568,10.22661968,0,,,,,,,,,
22.14128109,12.7832746,0,,,,,,,,,
22.14128109,9.37440137,-2.410437374,,,,,,,,,
20.66519568,11.93105629,-2.410437374,,,,,,,,,
22.14128109,11.07883798,-4.820874748,,,,,,,,,
20.66519568,13.6354929,-4.820874748,,,,,,,,,
23.61736649,10.22661968,0,,,,,,,,,
25.0934519,12.7832746,0,,,,,,,,,
25.0934519,9.37440137,-2.410437374,,,,,,,,,
23.61736649,11.93105629,-2.410437374,,,,,,,,,
25.0934519,11.07883798,-4.820874748,,,,,,,,,
23.61736649,13.6354929,-4.820874748,,,,,,,,,
26.5695373,10.22661968,0,,,,,,,,,
28.04562271,12.7832746,0,,,,,,,,,
28.04562271,9.37440137,-2.410437374,,,,,,,,,
26.5695373,11.93105629,-2.410437374,,,,,,,,,
28.04562271,11.07883798,-4.820874748,,,,,,,,,
26.5695373,13.6354929,-4.820874748,,,,,,,,,
29.52170811,10.22661968,0,,,,,,,,,
30.99779352,12.7832746,0,,,,,,,,,
30.99779352,9.37440137,-2.410437374,,,,,,,,,
29.52170811,11.93105629,-2.410437374,,,,,,,,,
30.99779352,11.07883798,-4.820874748,,,,,,,,,
29.52170811,13.6354929,-4.820874748,,,,,,,,,
0,15.33992951,0,,,,,,,,,
1.476085406,17.89658443,0,,,,,,,,,
1.476085406,14.48771121,-2.410437374,,,,,,,,,
0,17.04436613,-2.410437374,,,,,,,,,
1.476085406,16.19214782,-4.820874748,,,,,,,,,
0,18.74880274,-4.820874748,,,,,,,,,
2.952170811,15.33992951,0,,,,,,,,,
4.428256217,17.89658443,0,,,,,,,,,
4.428256217,14.48771121,-2.410437374,,,,,,,,,
2.952170811,17.04436613,-2.410437374,,,,,,,,,
4.428256217,16.19214782,-4.820874748,,,,,,,,,
2.952170811,18.74880274,-4.820874748,,,,,,,,,
5.904341623,15.33992951,0,,,,,,,,,
7.380427029,17.89658443,0,,,,,,,,,
7.380427029,14.48771121,-2.410437374,,,,,,,,,
5.904341623,17.04436613,-2.410437374,,,,,,,,,
7.380427029,16.19214782,-4.820874748,,,,,,,,,
5.904341623,18.74880274,-4.820874748,,,,,,,,,
8.856512434,15.33992951,0,,,,,,,,,
10.33259784,17.89658443,0,,,,,,,,,
10.33259784,14.48771121,-2.410437374,,,,,,,,,
8.856512434,17.04436613,-2.410437374,,,,,,,,,
10.33259784,16.19214782,-4.820874748,,,,,,,,,
8.856512434,18.74880274,-4.820874748,,,,,,,,,
11.80868325,15.33992951,0,,,,,,,,,
13.28476865,17.89658443,0,,,,,,,,,
13.28476865,14.48771121,-2.410437374,,,,,,,,,
11.80868325,17.04436613,-2.410437374,,,,,,,,,
13.28476865,16.19214782,-4.820874748,,,,,,,,,
11.80868325,18.74880274,-4.820874748,,,,,,,,,
14.76085406,15.33992951,0,,,,,,,,,
16.23693946,17.89658443,0,,,,,,,,,
16.23693946,14.48771121,-2.410437374,,,,,,,,,
14.76085406,17.04436613,-2.410437374,,,,,,,,,
16.23693946,16.19214782,-4.820874748,,,,,,,,,
14.76085406,18.74880274,-4.820874748,,,,,,,,,
17.71302487,15.33992951,0,,,,,,,,,
19.18911027,17.89658443,0,,,,,,,,,
19.18911027,14.48771121,-2.410437374,,,,,,,,,
17.71302487,17.04436613,-2.410437374,,,,,,,,,
19.18911027,16.19214782,-4.820874748,,,,,,,,,
17.71302487,18.74880274,-4.820874748,,,,,,,,,
20.66519568,15.33992951,0,,,,,,,,,
22.14128109,17.89658443,0,,,,,,,,,
22.14128109,14.48771121,-2.410437374,,,,,,,,,
20.66519568,17.04436613,-2.410437374,,,,,,,,,
22.14128109,16.19214782,-4.820874748,,,,,,,,,
20.66519568,18.74880274,-4.820874748,,,,,,,,,
23.61736649,15.33992951,0,,,,,,,,,
25.0934519,17.89658443,0,,,,,,,,,
25.0934519,14.48771121,-2.410437374,,,,,,,,,
23.61736649,17.04436613,-2.410437374,,,,,,,,,
25.0934519,16.19214782,-4.820874748,,,,,,,,,
23.61736649,18.74880274,-4.820874748,,,,,,,,,
26.5695373,15.33992951,0,,,,,,,,,
28.04562271,17.89658443,0,,,,,,,,,
28.04562271,14.48771121,-2.410437374,,,,,,,,,
26.5695373,17.04436613,-2.410437374,,,,,,,,,
28.04562271,16.19214782,-4.820874748,,,,,,,,,
26.5695373,18.74880274,-4.820874748,,,,,,,,,
29.52170811,15.33992951,0,,,,,,,,,
30.99779352,17.89658443,0,,,,,,,,,
30.99779352,14.48771121,-2.410437374,,,,,,,,,
29.52170811,17.04436613,-2.410437374,,,,,,,,,
30.99779352,16.19214782,-4.820874748,,,,,,,,,
29.52170811,18.74880274,-4.820874748,,,,,,,,,
0,20.45323935,0,,,,,,,,,
1.476085406,23.00989427,0,,,,,,,,,
1.476085406,19.60102105,-2.410437374,,,,,,,,,
0,22.15767596,-2.410437374,,,,,,,,,
1.476085406,21.30545766,-4.820874748,,,,,,,,,
0,23.86211258,-4.820874748,,,,,,,,,
2.952170811,20.45323935,0,,,,,,,,,
4.428256217,23.00989427,0,,,,,,,,,
4.428256217,19.60102105,-2.410437374,,,,,,,,,
2.952170811,22.15767596,-2.410437374,,,,,,,,,
4.428256217,21.30545766,-4.820874748,,,,,,,,,
2.952170811,23.86211258,-4.820874748,,,,,,,,,
5.904341623,20.45323935,0,,,,,,,,,
7.380427029,23.00989427,0,,,,,,,,,
7.380427029,19.60102105,-2.410437374,,,,,,,,,
5.904341623,22.15767596,-2.410437374,,,,,,,,,
7.380427029,21.30545766,-4.820874748,,,,,,,,,
5.904341623,23.86211258,-4.820874748,,,,,,,,,
8.856512434,20.45323935,0,,,,,,,,,
10.33259784,23.00989427,0,,,,,,,,,
10.33259784,19.60102105,-2.410437374,,,,,,,,,
8.856512434,22.15767596,-2.410437374,,,,,,,,,
10.33259784,21.30545766,-4.820874748,,,,,,,,,
8.856512434,23.86211258,-4.820874748,,,,,,,,,
11.80868325,20.45323935,0,,,,,,,,,
13.28476865,23.00989427,0,,,,,,,,,
13.28476865,19.60102105,-2.410437374,,,,,,,,,
11.80868325,22.15767596,-2.410437374,,,,,,,,,
13.28476865,21.30545766,-4.820874748,,,,,,,,,
11.80868325,23.86211258,-4.820874748,,,,,,,,,
14.76085406,20.45323935,0,,,,,,,,,
16.23693946,23.00989427,0,,,,,,,,,
16.23693946,19.60102105,-2.410437374,,,,,,,,,
14.76085406,22.15767596,-2.410437374,,,,,,,,,
16.23693946,21.30545766,-4.820874748,,,,,,,,,
14.76085406,23.86211258,-4.820874748,,,,,,,,,
17.71302487,20.45323935,0,,,,,,,,,
19.18911027,23.00989427,0,,,,,,,,,
19.18911027,19.60102105,-2.410437374,,,,,,,,,
17.71302487,22.15767596,-2.410437374,,,,,,,,,
19.18911027,21.30545766,-4.820874748,,,,,,,,,
17.71302487,23.86211258,-4.820874748,,,,,,,,,
20.66519568,20.45323935,0,,,,,,,,,
22.14128109,23.00989427,0,,,,,,,,,
22.14128109,19.60102105,-2.410437374,,,,,,,,,
20.66519568,22.15767596,-2.410437374,,,,,,,,,
22.14128109,21.30545766,-4.820874748,,,,,,,,,
20.66519568,23.86211258,-4.820874748,,,,,,,,,
23.61736649,20.45323935,0,,,,,,,,,
25.0934519,23.00989427,0,,,,,,,,,
25.0934519,19.60102105,-2.410437374,,,,,,,,,
23.61736649,22.15767596,-2.410437374,,,,,,,,,
25.0934519,21.30545766,-4.820874748,,,,,,,,,
23.61736649,23.86211258,-4.820874748,,,,,,,,,
26.5695373,20.45323935,0,,,,,,,,,
28.04562271,23.00989427,0,,,,,,,,,
28.04562271,19.60102105,-2.410437374,,,,,,,,,
26.5695373,22.15767596,-2.410437374,,,,,,,,,
28.04562271,21.30545766,-4.820874748,,,,,,,,,
26.5695373,23.86211258,-4.820874748,,,,,,,,,
29.52170811,20.45323935,0,,,,,,,,,
30.99779352,23.00989427,0,,,,,,,,,
30.99779352,19.60102105,-2.410437374,,,,,,,,,
29.52170811,22.15767596,-2.410437374,,,,,,,,,
30.99779352,21.30545766,-4.820874748,,,,,,,,,
29.52170811,23.86211258,-4.820874748,,,,,,,,,
0,25.56654919,0,,,,,,,,,
1.476085406,28.12320411,0,,,,,,,,,
1.476085406,24.71433088,-2.410437374,,,,,,,,,
0,27.2709858,-2.410437374,,,,,,,,,
1.476085406,26.4187675,-4.820874748,,,,,,,,,
0,28.97542242,-4.820874748,,,,,,,,,
2.952170811,25.56654919,0,,,,,,,,,
4.428256217,28.12320411,0,,,,,,,,,
4.428256217,24.71433088,-2.410437374,,,,,,,,,
2.952170811,27.2709858,-2.410437374,,,,,,,,,
4.428256217,26.4187675,-4.820874748,,,,,,,,,
2.952170811,28.97542242,-4.820874748,,,,,,,,,
5.904341623,25.56654919,0,,,,,,,,,
7.380427029,28.12320411,0,,,,,,,,,
7.380427029,24.71433088,-2.410437374,,,,,,,,,
5.904341623,27.2709858,-2.410437374,,,,,,,,,
7.380427029,26.4187675,-4.820874748,,,,,,,,,
5.904341623,28.97542242,-4.820874748,,,,,,,,,
8.856512434,25.56654919,0,,,,,,,,,
10.33259784,28.12320411,0,,,,,,,,,
10.33259784,24.71433088,-2.410437374,,,,,,,,,
8.856512434,27.2709858,-2.410437374,,,,,,,,,
10.33259784,26.4187675,-4.820874748,,,,,,,,,
8.856512434,28.97542242,-4.820874748,,,,,,,,,
11.80868325,25.56654919,0,,,,,,,,,
13.28476865,28.12320411,0,,,,,,,,,
13.28476865,24.71433088,-2.410437374,,,,,,,,,
11.80868325,27.2709858,-2.410437374,,,,,,,,,
13.28476865,26.4187675,-4.820874748,,,,,,,,,
11.80868325,28.97542242,-4.820874748,,,,,,,,,
14.76085406,25.56654919,0,,,,,,,,,
16.23693946,28.12320411,0,,,,,,,,,
16.23693946,24.71433088,-2.410437374,,,,,,,,,
14.76085406,27.2709858,-2.410437374,,,,,,,,,
16.23693946,26.4187675,-4.820874748,,,,,,,,,
14.76085406,28.97542242,-4.820874748,,,,,,,,,
17.71302487,25.56654919,0,,,,,,,,,
19.18911027,28.12320411,0,,,,,,,,,
19.18911027,24.71433088,-2.410437374,,,,,,,,,
17.71302487,27.2709858,-2.410437374,,,,,,,,,
19.18911027,26.4187675,-4.820874748,,,,,,,,,
17.71302487,28.97542242,-4.820874748,,,,,,,,,
20.66519568,25.56654919,0,,,,,,,,,
22.14128109,28.12320411,0,,,,,,,,,
22.14128109,24.71433088,-2.410437374,,,,,,,,,
20.66519568,27.2709858,-2.410437374,,,,,,,,,
22.14128109,26.4187675,-4.820874748,,,,,,,,,
20.66519568,28.97542242,-4.820874748,,,,,,,,,
23.61736649,25.56654919,0,,,,,,,,,
25.0934519,28.12320411,0,,,,,,,,,
25.0934519,24.71433088,-2.410437374,,,,,,,,,
23.61736649,27.2709858,-2.410437374,,,,,,,,,
25.0934519,26.4187675,-4.820874748,,,,,,,,,
23.61736649,28.97542242,-4.820874748,,,,,,,,,
26.5695373,25.56654919,0,,,,,,,,,
28.04562271,28.12320411,0,,,,,,,,,
28.04562271,24.71433088,-2.410437374,,,,,,,,,
26.5695373,27.2709858,-2.410437374,,,,,,,,,
28.04562271,26.4187675,-4.820874748,,,,,,,,,
26.5695373,28.97542242,-4.820874748,,,,,,,,,
29.52170811,25.56654919,0,,,,,,,,,
30.99779352,28.12320411,0,,,,,,,,,
30.99779352,24.71433088,-2.410437374,,,,,,,,,
29.52170811,27.2709858,-2.410437374,,,,,,,,,
30.99779352,26.4187675,-4.820874748,,,,,,,,,
29.52170811,28.97542242,-4.820874748,,,,,,,,,
0,0,-7.231312122,,,,,,,,,
1.476085406,2.556654919,-7.231312122,,,,,,,,,
2.952170811,0,-7.231312122,,,,,,,,,
4.428256217,2.556654919,-7.231312122,,,,,,,,,
5.904341623,0,-7.231312122,,,,,,,,,
7.380427029,2.556654919,-7.231312122,,,,,,,,,
8.856512434,0,-7.231312122,,,,,,,,,
10.33259784,2.556654919,-7.231312122,,,,,,,,,
11.80868325,0,-7.231312122,,,,,,,,,
13.28476865,2.556654919,-7.231312122,,,,,,,,,
14.76085406,0,-7.231312122,,,,,,,,,
16.23693946,2.556654919,-7.231312122,,,,,,,,,
17.71302487,0,-7.231312122,,,,,,,,,
19.18911027,2.556654919,-7.231312122,,,,,,,,,
20.66519568,0,-7.231312122,,,,,,,,,
22.14128109,2.556654919,-7.231312122,,,,,,,,,
23.61736649,0,-7.231312122,,,,,,,,,
25.0934519,2.556654919,-7.231312122,,,,,,,,,
26.5695373,0,-7.231312122,,,,,,,,,
28.04562271,2.556654919,-7.231312122,,,,,,,,,
29.52170811,0,-7.231312122,,,,,,,,,
30.99779352,2.556654919,-7.231312122,,,,,,,,,
0,5.113309838,-7.231312122,,,,,,,,,
1.476085406,7.669964757,-7.231312122,,,,,,,,,
2.952170811,5.113309838,-7.231312122,,,,,,,,,
4.428256217,7.669964757,-7.231312122,,,,,,,,,
5.904341623,5.113309838,-7.231312122,,,,,,,,,
7.380427029,7.669964757,-7.231312122,,,,,,,,,
8.856512434,5.113309838,-7.231312122,,,,,,,,,
10.33259784,7.669964757,-7.231312122,,,,,,,,,
11.80868325,5.113309838,-7.231312122,,,,,,,,,
13.28476865,7.669964757,-7.231312122,,,,,,,,,
14.76085406,5.113309838,-7.231312122,,,,,,,,,
16.23693946,7.669964757,-7.231312122,,,,,,,,,
17.71302487,5.113309838,-7.231312122,,,,,,,,,
19.18911027,7.669964757,-7.231312122,,,,,,,,,
20.66519568,5.113309838,-7.231312122,,,,,,,,,
22.14128109,7.669964757,-7.231312122,,,,,,,,,
23.61736649,5.113309838,-7.231312122,,,,,,,,,
25.0934519,7.669964757,-7.231312122,,,,,,,,,
26.5695373,5.113309838,-7.231312122,,,,,,,,,
28.04562271,7.669964757,-7.231312122,,,,,,,,,
29.52170811,5.113309838,-7.231312122,,,,,,,,,
30.99779352,7.669964757,-7.231312122,,,,,,,,,
0,10.22661968,-7.231312122,,,,,,,,,
1.476085406,12.7832746,-7.231312122,,,,,,,,,
2.952170811,10.22661968,-7.231312122,,,,,,,,,
4.428256217,12.7832746,-7.231312122,,,,,,,,,
5.904341623,10.22661968,-7.231312122,,,,,,,,,
7.380427029,12.7832746,-7.231312122,,,,,,,,,
8.856512434,10.22661968,-7.231312122,,,,,,,,,
10.33259784,12.7832746,-7.231312122,,,,,,,,,
11.80868325,10.22661968,-7.231312122,,,,,,,,,
13.28476865,12.7832746,-7.231312122,,,,,,,,,
14.76085406,10.22661968,-7.231312122,,,,,,,,,
16.23693946,12.7832746,-7.231312122,,,,,,,,,
17.71302487,10.22661968,-7.231312122,,,,,,,,,
19.18911027,12.7832746,-7.231312122,,,,,,,,,
20.66519568,10.22661968,-7.231312122,,,,,,,,,
22.14128109,12.7832746,-7.231312122,,,,,,,,,
23.61736649,10.22661968,-7.231312122,,,,,,,,,
25.0934519,12.7832746,-7.231312122,,,,,,,,,
26.5695373,10.22661968,-7.231312122,,,,,,,,,
28.04562271,12.7832746,-7.231312122,,,,,,,,,
29.52170811,10.22661968,-7.231312122,,,,,,,,,
30.99779352,12.7832746,-7.231312122,,,,,,,,,
0,15.33992951,-7.231312122,,,,,,,,,
1.476085406,17.89658443,-7.231312122,,,,,,,,,
2.952170811,15.33992951,-7.231312122,,,,,,,,,
4.428256217,17.89658443,-7.231312122,,,,,,,,,
5.904341623,15.33992951,-7.231312122,,,,,,,,,
7.380427029,17.89658443,-7.231312122,,,,,,,,,
8.856512434,15.33992951,-7.231312122,,,,,,,,,
10.33259784,17.89658443,-7.231312122,,,,,,,,,
11.80868325,15.33992951,-7.231312122,,,,,,,,,
13.28476865,17.89658443,-7.231312122,,,,,,,,,
14.76085406,15.33992951,-7.231312122,,,,,,,,,
16.23693946,17.89658443,-7.231312122,,,,,,,,,
17.71302487,15.33992951,-7.231312122,,,,,,,,,
19.18911027,17.89658443,-7.231312122,,,,,,,,,
20.66519568,15.33992951,-7.231312122,,,,,,,,,
22.14128109,17.89658443,-7.231312122,,,,,,,,,
23.61736649,15.33992951,-7.231312122,,,,,,,,,
25.0934519,17.89658443,-7.231312122,,,,,,,,,
26.5695373,15.33992951,-7.231312122,,,,,,,,,
28.04562271,17.89658443,-7.231312122,,,,,,,,,
29.52170811,15.33992951,-7.231312122,,,,,,,,,
30.99779352,17.89658443,-7.231312122,,,,,,,,,
0,20.45323935,-7.231312122,,,,,,,,,
1.476085406,23.00989427,-7.231312122,,,,,,,,,
2.952170811,20.45323935,-7.231312122,,,,,,,,,
4.428256217,23.00989427,-7.231312122,,,,,,,,,
5.904341623,20.45323935,-7.231312122,,,,,,,,,
7.380427029,23.00989427,-7.231312122,,,,,,,,,
8.856512434,20.45323935,-7.231312122,,,,,,,,,
10.33259784,23.00989427,-7.231312122,,,,,,,,,
11.80868325,20.45323935,-7.231312122,,,,,,,,,
13.28476865,23.00989427,-7.231312122,,,,,,,,,
14.76085406,20.45323935,-7.231312122,,,,,,,,,
16.23693946,23.00989427,-7.231312122,,,,,,,,,
17.71302487,20.45323935,-7.231312122,,,,,,,,,
19.18911027,23.00989427,-7.231312122,,,,,,,,,
20.66519568,20.45323935,-7.231312122,,,,,,,,,
22.14128109,23.00989427,-7.231312122,,,,,,,,,
23.61736649,20.45323935,-7.231312122,,,,,,,,,
25.0934519,23.00989427,-7.231312122,,,,,,,,,
26.5695373,20.45323935,-7.231312122,,,,,,,,,
28.04562271,23.00989427,-7.231312122,,,,,,,,,
29.52170811,20.45323935,-7.231312122,,,,,,,,,
30.99779352,23.00989427,-7.231312122,,,,,,,,,
0,25.56654919,-7.231312122,,,,,,,,,
1.476085406,28.12320411,-7.231312122,,,,,,,,,
2.952170811,25.56654919,-7.231312122,,,,,,,,,
4.428256217,28.12320411,-7.231312122,,,,,,,,,
5.904341623,25.56654919,-7.231312122,,,,,,,,,
7.380427029,28.12320411,-7.231312122,,,,,,,,,
8.856512434,25.56654919,-7.231312122,,,,,,,,,
10.33259784,28.12320411,-7.231312122,,,,,,,,,
11.80868325,25.56654919,-7.231312122,,,,,,,,,
13.28476865,28.12320411,-7.231312122,,,,,,,,,
14.76085406,25.56654919,-7.231312122,,,,,,,,,
16.23693946,28.12320411,-7.231312122,,,,,,,,,
17.71302487,25.56654919,-7.231312122,,,,,,,,,
19.18911027,28.12320411,-7.231312122,,,,,,,,,
20.66519568,25.56654919,-7.231312122,,,,,,,,,
22.14128109,28.12320411,-7.231312122,,,,,,,,,
23.61736649,25.56654919,-7.231312122,,,,,,,,,
25.0934519,28.12320411,-7.231312122,,,,,,,,,
26.5695373,25.56654919,-7.231312122,,,,,,,,,
28.04562271,28.12320411,-7.231312122,,,,,,,,,
29.52170811,25.56654919,-7.231312122,,,,,,,,,
30.99779352,28.12320411,-7.231312122,,,,,,,,,